date,style_id,channel,price_aed,sessions,ad_spend_aed,ad_clicks,units_sold
2026-09-21,ST01,Amazon.ae,137,31,6,2,0
2026-09-22,ST01,Amazon.ae,137,27,6,2,1
2026-09-23,ST01,Amazon.ae,137,29,6,2,0
2026-09-24,ST01,Amazon.ae,137,33,6,2,0
2026-09-25,ST01,Amazon.ae,137,32,6,2,0
2026-09-26,ST01,Amazon.ae,137,25,6,2,0
2026-09-27,ST01,Amazon.ae,137,26,6,2,0
2026-09-28,ST01,Amazon.ae,137,33,6,2,2
2026-09-29,ST01,Amazon.ae,137,33,6,2,2
2026-09-30,ST01,Amazon.ae,137,25,6,2,3
2026-10-01,ST01,Amazon.ae,137,23,6,2,1
2026-10-02,ST01,Amazon.ae,137,31,6,2,0
2026-10-03,ST01,Amazon.ae,137,28,6,2,1
2026-10-04,ST01,Amazon.ae,137,27,6,2,3
2026-09-21,ST01,Noon,136,56,0,0,0
2026-09-22,ST01,Noon,136,48,0,0,0
2026-09-23,ST01,Noon,136,55,0,0,0
2026-09-24,ST01,Noon,136,49,0,0,1
2026-09-25,ST01,Noon,136,49,0,0,1
2026-09-26,ST01,Noon,136,38,0,0,0
2026-09-27,ST01,Noon,136,44,0,0,0
2026-09-28,ST01,Noon,136,49,0,0,0
2026-09-29,ST01,Noon,136,57,0,0,0
2026-09-30,ST01,Noon,136,54,0,0,0
2026-10-01,ST01,Noon,136,50,0,0,0
2026-10-02,ST01,Noon,136,49,0,0,0
2026-10-03,ST01,Noon,136,43,0,0,0
2026-10-04,ST01,Noon,136,39,0,0,0
2026-09-21,ST02,Amazon.ae,326,46,0,0,0
2026-09-22,ST02,Amazon.ae,326,43,0,0,0
2026-09-23,ST02,Amazon.ae,326,51,0,0,0
2026-09-24,ST02,Amazon.ae,326,48,0,0,1
2026-09-25,ST02,Amazon.ae,326,49,0,0,1
2026-09-26,ST02,Amazon.ae,326,40,0,0,1
2026-09-27,ST02,Amazon.ae,326,50,0,0,0
2026-09-28,ST02,Amazon.ae,326,46,0,0,1
2026-09-29,ST02,Amazon.ae,326,45,0,0,0
2026-09-30,ST02,Amazon.ae,326,40,0,0,0
2026-10-01,ST02,Amazon.ae,326,45,0,0,0
2026-10-02,ST02,Amazon.ae,326,36,0,0,0
2026-10-03,ST02,Amazon.ae,326,36,0,0,0
2026-10-04,ST02,Amazon.ae,326,52,0,0,0
2026-09-21,ST02,Noon,323,279,0,0,1
2026-09-22,ST02,Noon,323,249,0,0,1
2026-09-23,ST02,Noon,323,260,0,0,3
2026-09-24,ST02,Noon,323,261,0,0,1
2026-09-25,ST02,Noon,323,328,0,0,2
2026-09-26,ST02,Noon,323,258,0,0,1
2026-09-27,ST02,Noon,323,318,0,0,1
2026-09-28,ST02,Noon,323,269,0,0,3
2026-09-29,ST02,Noon,323,239,0,0,3
2026-09-30,ST02,Noon,323,288,0,0,1
2026-10-01,ST02,Noon,323,231,0,0,2
2026-10-02,ST02,Noon,323,249,0,0,3
2026-10-03,ST02,Noon,323,300,0,0,0
2026-10-04,ST02,Noon,323,329,0,0,4
2026-09-21,ST03,Amazon.ae,327,142,0,0,3
2026-09-22,ST03,Amazon.ae,327,155,0,0,6
2026-09-23,ST03,Amazon.ae,327,134,0,0,7
2026-09-24,ST03,Amazon.ae,327,181,0,0,2
2026-09-25,ST03,Amazon.ae,327,173,0,0,2
2026-09-26,ST03,Amazon.ae,327,152,0,0,1
2026-09-27,ST03,Amazon.ae,327,148,0,0,2
2026-09-28,ST03,Amazon.ae,327,154,0,0,4
2026-09-29,ST03,Amazon.ae,327,172,0,0,2
2026-09-30,ST03,Amazon.ae,327,135,0,0,3
2026-10-01,ST03,Amazon.ae,327,130,0,0,5
2026-10-02,ST03,Amazon.ae,327,156,0,0,3
2026-10-03,ST03,Amazon.ae,327,156,0,0,0
2026-10-04,ST03,Amazon.ae,327,170,0,0,2
2026-09-21,ST03,Noon,335,175,28,17,2
2026-09-22,ST03,Noon,335,197,28,17,1
2026-09-23,ST03,Noon,335,157,28,17,1
2026-09-24,ST03,Noon,335,182,28,17,8
2026-09-25,ST03,Noon,335,155,28,17,3
2026-09-26,ST03,Noon,335,185,28,17,5
2026-09-27,ST03,Noon,335,174,28,17,4
2026-09-28,ST03,Noon,335,166,28,17,3
2026-09-29,ST03,Noon,335,187,28,17,6
2026-09-30,ST03,Noon,335,154,28,17,2
2026-10-01,ST03,Noon,335,151,28,17,5
2026-10-02,ST03,Noon,335,183,28,17,0
2026-10-03,ST03,Noon,335,170,28,17,2
2026-10-04,ST03,Noon,335,174,28,17,4
2026-09-21,ST04,Amazon.ae,278,40,15,6,6
2026-09-22,ST04,Amazon.ae,278,51,15,6,2
2026-09-23,ST04,Amazon.ae,278,49,15,6,0
2026-09-24,ST04,Amazon.ae,278,40,15,6,2
2026-09-25,ST04,Amazon.ae,278,42,15,6,2
2026-09-26,ST04,Amazon.ae,278,42,15,6,0
2026-09-27,ST04,Amazon.ae,278,40,15,6,1
2026-09-28,ST04,Amazon.ae,250,48,15,6,2
2026-09-29,ST04,Amazon.ae,250,52,15,6,0
2026-09-30,ST04,Amazon.ae,250,49,15,6,3
2026-10-01,ST04,Amazon.ae,250,48,15,6,1
2026-10-02,ST04,Amazon.ae,250,47,15,6,3
2026-10-03,ST04,Amazon.ae,250,43,15,6,1
2026-10-04,ST04,Amazon.ae,250,42,15,6,2
2026-09-21,ST04,Noon,270,102,0,0,1
2026-09-22,ST04,Noon,270,104,0,0,2
2026-09-23,ST04,Noon,270,152,0,0,4
2026-09-24,ST04,Noon,270,138,0,0,6
2026-09-25,ST04,Noon,270,142,0,0,1
2026-09-26,ST04,Noon,270,131,0,0,2
2026-09-27,ST04,Noon,270,135,0,0,2
2026-09-28,ST04,Noon,243,131,0,0,2
2026-09-29,ST04,Noon,243,104,0,0,1
2026-09-30,ST04,Noon,243,136,0,0,1
2026-10-01,ST04,Noon,243,149,0,0,8
2026-10-02,ST04,Noon,243,116,0,0,4
2026-10-03,ST04,Noon,243,134,0,0,5
2026-10-04,ST04,Noon,243,142,0,0,3
2026-09-21,ST05,Amazon.ae,310,36,0,0,0
2026-09-22,ST05,Amazon.ae,310,29,0,0,0
2026-09-23,ST05,Amazon.ae,310,39,0,0,0
2026-09-24,ST05,Amazon.ae,310,38,0,0,0
2026-09-25,ST05,Amazon.ae,310,36,0,0,0
2026-09-26,ST05,Amazon.ae,310,38,0,0,0
2026-09-27,ST05,Amazon.ae,310,29,0,0,0
2026-09-28,ST05,Amazon.ae,310,36,0,0,0
2026-09-29,ST05,Amazon.ae,310,41,0,0,0
2026-09-30,ST05,Amazon.ae,310,36,0,0,0
2026-10-01,ST05,Amazon.ae,310,30,0,0,0
2026-10-02,ST05,Amazon.ae,310,40,0,0,0
2026-10-03,ST05,Amazon.ae,310,28,0,0,0
2026-10-04,ST05,Amazon.ae,310,35,0,0,0
2026-09-21,ST05,Noon,318,50,20,14,0
2026-09-22,ST05,Noon,318,45,20,14,1
2026-09-23,ST05,Noon,318,48,20,14,0
2026-09-24,ST05,Noon,318,54,20,14,0
2026-09-25,ST05,Noon,318,52,20,14,0
2026-09-26,ST05,Noon,318,53,20,14,1
2026-09-27,ST05,Noon,318,42,20,14,1
2026-09-28,ST05,Noon,318,52,20,14,0
2026-09-29,ST05,Noon,318,46,20,14,0
2026-09-30,ST05,Noon,318,47,20,14,1
2026-10-01,ST05,Noon,318,52,20,14,0
2026-10-02,ST05,Noon,318,50,20,14,0
2026-10-03,ST05,Noon,318,44,20,14,0
2026-10-04,ST05,Noon,318,48,20,14,2
2026-09-21,ST06,Amazon.ae,413,265,26,16,0
2026-09-22,ST06,Amazon.ae,413,293,26,16,2
2026-09-23,ST06,Amazon.ae,413,280,26,16,3
2026-09-24,ST06,Amazon.ae,413,218,26,16,2
2026-09-25,ST06,Amazon.ae,413,207,26,16,1
2026-09-26,ST06,Amazon.ae,413,226,26,16,1
2026-09-27,ST06,Amazon.ae,413,294,26,16,1
2026-09-28,ST06,Amazon.ae,413,298,26,16,1
2026-09-29,ST06,Amazon.ae,413,229,26,16,0
2026-09-30,ST06,Amazon.ae,413,296,26,16,1
2026-10-01,ST06,Amazon.ae,413,287,26,16,1
2026-10-02,ST06,Amazon.ae,413,249,26,16,2
2026-10-03,ST06,Amazon.ae,413,254,26,16,0
2026-10-04,ST06,Amazon.ae,413,220,26,16,0
2026-09-21,ST06,Noon,424,77,0,0,4
2026-09-22,ST06,Noon,424,93,0,0,2
2026-09-23,ST06,Noon,424,84,0,0,1
2026-09-24,ST06,Noon,424,103,0,0,7
2026-09-25,ST06,Noon,424,105,0,0,1
2026-09-26,ST06,Noon,424,82,0,0,1
2026-09-27,ST06,Noon,424,95,0,0,2
2026-09-28,ST06,Noon,424,78,0,0,2
2026-09-29,ST06,Noon,424,102,0,0,0
2026-09-30,ST06,Noon,424,99,0,0,1
2026-10-01,ST06,Noon,424,89,0,0,2
2026-10-02,ST06,Noon,424,103,0,0,2
2026-10-03,ST06,Noon,424,103,0,0,4
2026-10-04,ST06,Noon,424,75,0,0,5
2026-09-21,ST07,Amazon.ae,183,153,30,18,3
2026-09-22,ST07,Amazon.ae,183,165,30,18,0
2026-09-23,ST07,Amazon.ae,183,150,30,18,4
2026-09-24,ST07,Amazon.ae,183,139,30,18,2
2026-09-25,ST07,Amazon.ae,183,146,30,18,1
2026-09-26,ST07,Amazon.ae,183,155,30,18,2
2026-09-27,ST07,Amazon.ae,183,154,30,18,3
2026-09-28,ST07,Amazon.ae,183,146,30,18,4
2026-09-29,ST07,Amazon.ae,183,123,30,18,5
2026-09-30,ST07,Amazon.ae,183,136,30,18,2
2026-10-01,ST07,Amazon.ae,183,146,30,18,0
2026-10-02,ST07,Amazon.ae,183,149,30,18,3
2026-10-03,ST07,Amazon.ae,183,125,30,18,3
2026-10-04,ST07,Amazon.ae,183,154,30,18,8
2026-09-21,ST07,Noon,188,33,0,0,0
2026-09-22,ST07,Noon,188,34,0,0,1
2026-09-23,ST07,Noon,188,31,0,0,0
2026-09-24,ST07,Noon,188,34,0,0,0
2026-09-25,ST07,Noon,188,36,0,0,1
2026-09-26,ST07,Noon,188,32,0,0,0
2026-09-27,ST07,Noon,188,38,0,0,0
2026-09-28,ST07,Noon,188,28,0,0,0
2026-09-29,ST07,Noon,188,38,0,0,0
2026-09-30,ST07,Noon,188,36,0,0,0
2026-10-01,ST07,Noon,188,31,0,0,1
2026-10-02,ST07,Noon,188,34,0,0,0
2026-10-03,ST07,Noon,188,33,0,0,0
2026-10-04,ST07,Noon,188,29,0,0,0
2026-09-21,ST08,Amazon.ae,195,39,22,9,2
2026-09-22,ST08,Amazon.ae,195,35,22,9,3
2026-09-23,ST08,Amazon.ae,195,37,22,9,5
2026-09-24,ST08,Amazon.ae,195,33,22,9,2
2026-09-25,ST08,Amazon.ae,195,38,22,9,2
2026-09-26,ST08,Amazon.ae,195,42,22,9,0
2026-09-27,ST08,Amazon.ae,195,40,22,9,2
2026-09-28,ST08,Amazon.ae,195,37,22,9,1
2026-09-29,ST08,Amazon.ae,195,40,22,9,3
2026-09-30,ST08,Amazon.ae,195,39,22,9,0
2026-10-01,ST08,Amazon.ae,195,35,22,9,2
2026-10-02,ST08,Amazon.ae,195,34,22,9,2
2026-10-03,ST08,Amazon.ae,195,38,22,9,2
2026-10-04,ST08,Amazon.ae,195,42,22,9,1
2026-09-21,ST08,Noon,196,32,0,0,1
2026-09-22,ST08,Noon,196,44,0,0,0
2026-09-23,ST08,Noon,196,34,0,0,0
2026-09-24,ST08,Noon,196,45,0,0,1
2026-09-25,ST08,Noon,196,31,0,0,2
2026-09-26,ST08,Noon,196,41,0,0,0
2026-09-27,ST08,Noon,196,38,0,0,0
2026-09-28,ST08,Noon,196,38,0,0,0
2026-09-29,ST08,Noon,196,41,0,0,0
2026-09-30,ST08,Noon,196,41,0,0,0
2026-10-01,ST08,Noon,196,36,0,0,0
2026-10-02,ST08,Noon,196,45,0,0,0
2026-10-03,ST08,Noon,196,32,0,0,0
2026-10-04,ST08,Noon,196,36,0,0,2
2026-09-21,ST09,Amazon.ae,382,111,0,0,2
2026-09-22,ST09,Amazon.ae,382,98,0,0,2
2026-09-23,ST09,Amazon.ae,382,76,0,0,1
2026-09-24,ST09,Amazon.ae,382,109,0,0,3
2026-09-25,ST09,Amazon.ae,382,79,0,0,4
2026-09-26,ST09,Amazon.ae,382,87,0,0,2
2026-09-27,ST09,Amazon.ae,382,98,0,0,3
2026-09-28,ST09,Amazon.ae,382,92,0,0,4
2026-09-29,ST09,Amazon.ae,382,104,0,0,3
2026-09-30,ST09,Amazon.ae,382,112,0,0,1
2026-10-01,ST09,Amazon.ae,382,86,0,0,4
2026-10-02,ST09,Amazon.ae,382,97,0,0,4
2026-10-03,ST09,Amazon.ae,382,107,0,0,3
2026-10-04,ST09,Amazon.ae,382,103,0,0,5
2026-09-21,ST09,Noon,385,113,28,20,5
2026-09-22,ST09,Noon,385,109,28,20,1
2026-09-23,ST09,Noon,385,124,28,20,2
2026-09-24,ST09,Noon,385,111,28,20,3
2026-09-25,ST09,Noon,385,120,28,20,3
2026-09-26,ST09,Noon,385,136,28,20,6
2026-09-27,ST09,Noon,385,105,28,20,2
2026-09-28,ST09,Noon,385,112,28,20,4
2026-09-29,ST09,Noon,385,114,28,20,3
2026-09-30,ST09,Noon,385,110,28,20,1
2026-10-01,ST09,Noon,385,108,28,20,4
2026-10-02,ST09,Noon,385,135,28,20,1
2026-10-03,ST09,Noon,385,119,28,20,3
2026-10-04,ST09,Noon,385,133,28,20,3
2026-09-21,ST10,Amazon.ae,275,49,23,10,1
2026-09-22,ST10,Amazon.ae,275,46,23,10,2
2026-09-23,ST10,Amazon.ae,275,46,23,10,1
2026-09-24,ST10,Amazon.ae,275,47,23,10,1
2026-09-25,ST10,Amazon.ae,275,53,23,10,1
2026-09-26,ST10,Amazon.ae,275,50,23,10,1
2026-09-27,ST10,Amazon.ae,275,43,23,10,1
2026-09-28,ST10,Amazon.ae,275,53,23,10,1
2026-09-29,ST10,Amazon.ae,275,46,23,10,1
2026-09-30,ST10,Amazon.ae,275,50,23,10,1
2026-10-01,ST10,Amazon.ae,275,46,23,10,0
2026-10-02,ST10,Amazon.ae,275,41,23,10,1
2026-10-03,ST10,Amazon.ae,275,51,23,10,2
2026-10-04,ST10,Amazon.ae,275,52,23,10,1
2026-09-21,ST10,Noon,282,114,0,0,4
2026-09-22,ST10,Noon,282,126,0,0,2
2026-09-23,ST10,Noon,282,121,0,0,4
2026-09-24,ST10,Noon,282,91,0,0,8
2026-09-25,ST10,Noon,282,91,0,0,5
2026-09-26,ST10,Noon,282,95,0,0,3
2026-09-27,ST10,Noon,282,122,0,0,3
2026-09-28,ST10,Noon,282,122,0,0,5
2026-09-29,ST10,Noon,282,130,0,0,1
2026-09-30,ST10,Noon,282,98,0,0,2
2026-10-01,ST10,Noon,282,107,0,0,2
2026-10-02,ST10,Noon,282,128,0,0,4
2026-10-03,ST10,Noon,282,116,0,0,3
2026-10-04,ST10,Noon,282,128,0,0,0
2026-09-21,ST11,Amazon.ae,147,141,0,0,3
2026-09-22,ST11,Amazon.ae,147,166,0,0,3
2026-09-23,ST11,Amazon.ae,147,143,0,0,1
2026-09-24,ST11,Amazon.ae,147,153,0,0,2
2026-09-25,ST11,Amazon.ae,147,164,0,0,0
2026-09-26,ST11,Amazon.ae,147,124,0,0,0
2026-09-27,ST11,Amazon.ae,147,114,0,0,1
2026-09-28,ST11,Amazon.ae,147,118,0,0,1
2026-09-29,ST11,Amazon.ae,147,145,0,0,1
2026-09-30,ST11,Amazon.ae,147,157,0,0,3
2026-10-01,ST11,Amazon.ae,147,118,0,0,0
2026-10-02,ST11,Amazon.ae,147,143,0,0,2
2026-10-03,ST11,Amazon.ae,147,153,0,0,5
2026-10-04,ST11,Amazon.ae,147,137,0,0,1
2026-09-21,ST11,Noon,149,140,0,0,4
2026-09-22,ST11,Noon,149,140,0,0,1
2026-09-23,ST11,Noon,149,151,0,0,3
2026-09-24,ST11,Noon,149,138,0,0,3
2026-09-25,ST11,Noon,149,113,0,0,3
2026-09-26,ST11,Noon,149,165,0,0,4
2026-09-27,ST11,Noon,149,163,0,0,3
2026-09-28,ST11,Noon,149,149,0,0,4
2026-09-29,ST11,Noon,149,144,0,0,5
2026-09-30,ST11,Noon,149,151,0,0,5
2026-10-01,ST11,Noon,149,138,0,0,4
2026-10-02,ST11,Noon,149,157,0,0,5
2026-10-03,ST11,Noon,149,159,0,0,4
2026-10-04,ST11,Noon,149,166,0,0,3
2026-09-21,ST12,Amazon.ae,242,35,10,4,0
2026-09-22,ST12,Amazon.ae,242,34,10,4,0
2026-09-23,ST12,Amazon.ae,242,31,10,4,0
2026-09-24,ST12,Amazon.ae,242,29,10,4,1
2026-09-25,ST12,Amazon.ae,242,34,10,4,1
2026-09-26,ST12,Amazon.ae,242,33,10,4,1
2026-09-27,ST12,Amazon.ae,242,35,10,4,1
2026-09-28,ST12,Amazon.ae,242,29,10,4,4
2026-09-29,ST12,Amazon.ae,242,28,10,4,1
2026-09-30,ST12,Amazon.ae,242,29,10,4,2
2026-10-01,ST12,Amazon.ae,242,30,10,4,1
2026-10-02,ST12,Amazon.ae,242,28,10,4,4
2026-10-03,ST12,Amazon.ae,242,26,10,4,3
2026-10-04,ST12,Amazon.ae,242,26,10,4,2
2026-09-21,ST12,Noon,235,184,11,5,3
2026-09-22,ST12,Noon,235,186,11,5,3
2026-09-23,ST12,Noon,235,156,11,5,1
2026-09-24,ST12,Noon,235,186,11,5,0
2026-09-25,ST12,Noon,235,184,11,5,1
2026-09-26,ST12,Noon,235,181,11,5,1
2026-09-27,ST12,Noon,235,184,11,5,3
2026-09-28,ST12,Noon,235,177,11,5,1
2026-09-29,ST12,Noon,235,143,11,5,3
2026-09-30,ST12,Noon,235,160,11,5,0
2026-10-01,ST12,Noon,235,144,11,5,2
2026-10-02,ST12,Noon,235,180,11,5,2
2026-10-03,ST12,Noon,235,142,11,5,2
2026-10-04,ST12,Noon,235,144,11,5,1
2026-09-21,ST13,Amazon.ae,193,38,11,6,0
2026-09-22,ST13,Amazon.ae,193,39,11,6,0
2026-09-23,ST13,Amazon.ae,193,35,11,6,0
2026-09-24,ST13,Amazon.ae,193,39,11,6,1
2026-09-25,ST13,Amazon.ae,193,43,11,6,3
2026-09-26,ST13,Amazon.ae,193,41,11,6,0
2026-09-27,ST13,Amazon.ae,193,35,11,6,1
2026-09-28,ST13,Amazon.ae,174,37,11,6,3
2026-09-29,ST13,Amazon.ae,174,48,11,6,0
2026-09-30,ST13,Amazon.ae,174,45,11,6,1
2026-10-01,ST13,Amazon.ae,174,48,11,6,4
2026-10-02,ST13,Amazon.ae,174,48,11,6,3
2026-10-03,ST13,Amazon.ae,174,35,11,6,2
2026-10-04,ST13,Amazon.ae,174,45,11,6,1
2026-09-21,ST13,Noon,198,171,0,0,4
2026-09-22,ST13,Noon,198,136,0,0,0
2026-09-23,ST13,Noon,198,182,0,0,0
2026-09-24,ST13,Noon,198,143,0,0,2
2026-09-25,ST13,Noon,198,194,0,0,1
2026-09-26,ST13,Noon,198,172,0,0,0
2026-09-27,ST13,Noon,198,187,0,0,2
2026-09-28,ST13,Noon,178,174,0,0,4
2026-09-29,ST13,Noon,178,191,0,0,3
2026-09-30,ST13,Noon,178,164,0,0,5
2026-10-01,ST13,Noon,178,154,0,0,1
2026-10-02,ST13,Noon,178,171,0,0,3
2026-10-03,ST13,Noon,178,134,0,0,0
2026-10-04,ST13,Noon,178,193,0,0,1
2026-09-21,ST14,Amazon.ae,191,172,26,17,1
2026-09-22,ST14,Amazon.ae,191,204,26,17,0
2026-09-23,ST14,Amazon.ae,191,167,26,17,1
2026-09-24,ST14,Amazon.ae,191,188,26,17,1
2026-09-25,ST14,Amazon.ae,191,231,26,17,3
2026-09-26,ST14,Amazon.ae,191,168,26,17,2
2026-09-27,ST14,Amazon.ae,191,226,26,17,2
2026-09-28,ST14,Amazon.ae,191,197,26,17,0
2026-09-29,ST14,Amazon.ae,191,229,26,17,1
2026-09-30,ST14,Amazon.ae,191,187,26,17,1
2026-10-01,ST14,Amazon.ae,191,233,26,17,2
2026-10-02,ST14,Amazon.ae,191,238,26,17,1
2026-10-03,ST14,Amazon.ae,191,196,26,17,0
2026-10-04,ST14,Amazon.ae,191,205,26,17,0
2026-09-21,ST14,Noon,187,53,23,13,0
2026-09-22,ST14,Noon,187,60,23,13,1
2026-09-23,ST14,Noon,187,57,23,13,0
2026-09-24,ST14,Noon,187,66,23,13,0
2026-09-25,ST14,Noon,187,70,23,13,0
2026-09-26,ST14,Noon,187,67,23,13,0
2026-09-27,ST14,Noon,187,59,23,13,0
2026-09-28,ST14,Noon,187,55,23,13,0
2026-09-29,ST14,Noon,187,56,23,13,0
2026-09-30,ST14,Noon,187,64,23,13,0
2026-10-01,ST14,Noon,187,53,23,13,0
2026-10-02,ST14,Noon,187,55,23,13,0
2026-10-03,ST14,Noon,187,57,23,13,0
2026-10-04,ST14,Noon,187,59,23,13,0
2026-09-21,ST15,Amazon.ae,204,226,32,19,1
2026-09-22,ST15,Amazon.ae,204,266,32,19,0
2026-09-23,ST15,Amazon.ae,204,310,32,19,2
2026-09-24,ST15,Amazon.ae,204,271,32,19,2
2026-09-25,ST15,Amazon.ae,204,307,32,19,1
2026-09-26,ST15,Amazon.ae,204,299,32,19,0
2026-09-27,ST15,Amazon.ae,204,282,32,19,0
2026-09-28,ST15,Amazon.ae,204,313,32,19,1
2026-09-29,ST15,Amazon.ae,204,278,32,19,2
2026-09-30,ST15,Amazon.ae,204,271,32,19,0
2026-10-01,ST15,Amazon.ae,204,274,32,19,2
2026-10-02,ST15,Amazon.ae,204,298,32,19,1
2026-10-03,ST15,Amazon.ae,204,234,32,19,0
2026-10-04,ST15,Amazon.ae,204,283,32,19,0
2026-09-21,ST15,Noon,199,50,22,16,0
2026-09-22,ST15,Noon,199,50,22,16,0
2026-09-23,ST15,Noon,199,49,22,16,1
2026-09-24,ST15,Noon,199,52,22,16,0
2026-09-25,ST15,Noon,199,45,22,16,0
2026-09-26,ST15,Noon,199,42,22,16,0
2026-09-27,ST15,Noon,199,49,22,16,0
2026-09-28,ST15,Noon,199,47,22,16,1
2026-09-29,ST15,Noon,199,45,22,16,2
2026-09-30,ST15,Noon,199,49,22,16,1
2026-10-01,ST15,Noon,199,53,22,16,0
2026-10-02,ST15,Noon,199,48,22,16,0
2026-10-03,ST15,Noon,199,46,22,16,2
2026-10-04,ST15,Noon,199,52,22,16,0
2026-09-21,ST16,Amazon.ae,157,27,0,0,0
2026-09-22,ST16,Amazon.ae,157,34,0,0,0
2026-09-23,ST16,Amazon.ae,157,26,0,0,1
2026-09-24,ST16,Amazon.ae,157,24,0,0,0
2026-09-25,ST16,Amazon.ae,157,30,0,0,0
2026-09-26,ST16,Amazon.ae,157,30,0,0,1
2026-09-27,ST16,Amazon.ae,157,35,0,0,1
2026-09-28,ST16,Amazon.ae,157,33,0,0,0
2026-09-29,ST16,Amazon.ae,157,36,0,0,0
2026-09-30,ST16,Amazon.ae,157,29,0,0,0
2026-10-01,ST16,Amazon.ae,157,34,0,0,0
2026-10-02,ST16,Amazon.ae,157,28,0,0,0
2026-10-03,ST16,Amazon.ae,157,34,0,0,1
2026-10-04,ST16,Amazon.ae,157,30,0,0,2
2026-09-21,ST16,Noon,153,52,0,0,0
2026-09-22,ST16,Noon,153,58,0,0,0
2026-09-23,ST16,Noon,153,44,0,0,0
2026-09-24,ST16,Noon,153,55,0,0,0
2026-09-25,ST16,Noon,153,41,0,0,0
2026-09-26,ST16,Noon,153,51,0,0,0
2026-09-27,ST16,Noon,153,52,0,0,0
2026-09-28,ST16,Noon,153,55,0,0,0
2026-09-29,ST16,Noon,153,43,0,0,0
2026-09-30,ST16,Noon,153,43,0,0,0
2026-10-01,ST16,Noon,153,50,0,0,0
2026-10-02,ST16,Noon,153,44,0,0,0
2026-10-03,ST16,Noon,153,44,0,0,0
2026-10-04,ST16,Noon,153,42,0,0,0
2026-09-21,ST17,Amazon.ae,233,194,0,0,0
2026-09-22,ST17,Amazon.ae,233,189,0,0,2
2026-09-23,ST17,Amazon.ae,233,209,0,0,1
2026-09-24,ST17,Amazon.ae,233,200,0,0,0
2026-09-25,ST17,Amazon.ae,233,223,0,0,2
2026-09-26,ST17,Amazon.ae,233,216,0,0,3
2026-09-27,ST17,Amazon.ae,233,243,0,0,2
2026-09-28,ST17,Amazon.ae,233,212,0,0,2
2026-09-29,ST17,Amazon.ae,233,204,0,0,0
2026-09-30,ST17,Amazon.ae,233,183,0,0,3
2026-10-01,ST17,Amazon.ae,233,199,0,0,1
2026-10-02,ST17,Amazon.ae,233,210,0,0,1
2026-10-03,ST17,Amazon.ae,233,178,0,0,0
2026-10-04,ST17,Amazon.ae,233,169,0,0,5
2026-09-21,ST17,Noon,240,189,0,0,1
2026-09-22,ST17,Noon,240,167,0,0,7
2026-09-23,ST17,Noon,240,148,0,0,1
2026-09-24,ST17,Noon,240,151,0,0,8
2026-09-25,ST17,Noon,240,177,0,0,3
2026-09-26,ST17,Noon,240,188,0,0,1
2026-09-27,ST17,Noon,240,209,0,0,0
2026-09-28,ST17,Noon,240,143,0,0,3
2026-09-29,ST17,Noon,240,181,0,0,2
2026-09-30,ST17,Noon,240,147,0,0,2
2026-10-01,ST17,Noon,240,198,0,0,2
2026-10-02,ST17,Noon,240,174,0,0,4
2026-10-03,ST17,Noon,240,143,0,0,6
2026-10-04,ST17,Noon,240,142,0,0,3
2026-09-21,ST18,Amazon.ae,244,160,39,20,3
2026-09-22,ST18,Amazon.ae,244,185,39,20,0
2026-09-23,ST18,Amazon.ae,244,153,39,20,1
2026-09-24,ST18,Amazon.ae,244,164,39,20,1
2026-09-25,ST18,Amazon.ae,244,186,39,20,1
2026-09-26,ST18,Amazon.ae,244,147,39,20,3
2026-09-27,ST18,Amazon.ae,244,180,39,20,2
2026-09-28,ST18,Amazon.ae,244,179,39,20,2
2026-09-29,ST18,Amazon.ae,244,197,39,20,3
2026-09-30,ST18,Amazon.ae,244,165,39,20,2
2026-10-01,ST18,Amazon.ae,244,154,39,20,1
2026-10-02,ST18,Amazon.ae,244,195,39,20,0
2026-10-03,ST18,Amazon.ae,244,190,39,20,1
2026-10-04,ST18,Amazon.ae,244,165,39,20,1
2026-09-21,ST18,Noon,251,102,0,0,2
2026-09-22,ST18,Noon,251,119,0,0,4
2026-09-23,ST18,Noon,251,114,0,0,3
2026-09-24,ST18,Noon,251,90,0,0,2
2026-09-25,ST18,Noon,251,111,0,0,4
2026-09-26,ST18,Noon,251,88,0,0,1
2026-09-27,ST18,Noon,251,100,0,0,3
2026-09-28,ST18,Noon,251,115,0,0,2
2026-09-29,ST18,Noon,251,96,0,0,1
2026-09-30,ST18,Noon,251,124,0,0,0
2026-10-01,ST18,Noon,251,114,0,0,2
2026-10-02,ST18,Noon,251,125,0,0,2
2026-10-03,ST18,Noon,251,113,0,0,2
2026-10-04,ST18,Noon,251,116,0,0,1
2026-09-21,ST19,Amazon.ae,441,20,0,0,0
2026-09-22,ST19,Amazon.ae,441,23,0,0,0
2026-09-23,ST19,Amazon.ae,441,27,0,0,0
2026-09-24,ST19,Amazon.ae,441,29,0,0,0
2026-09-25,ST19,Amazon.ae,441,26,0,0,0
2026-09-26,ST19,Amazon.ae,441,22,0,0,0
2026-09-27,ST19,Amazon.ae,441,27,0,0,0
2026-09-28,ST19,Amazon.ae,441,20,0,0,0
2026-09-29,ST19,Amazon.ae,441,21,0,0,0
2026-09-30,ST19,Amazon.ae,441,28,0,0,0
2026-10-01,ST19,Amazon.ae,441,28,0,0,0
2026-10-02,ST19,Amazon.ae,441,26,0,0,0
2026-10-03,ST19,Amazon.ae,441,20,0,0,0
2026-10-04,ST19,Amazon.ae,441,27,0,0,0
2026-09-21,ST19,Noon,440,98,0,0,3
2026-09-22,ST19,Noon,440,91,0,0,3
2026-09-23,ST19,Noon,440,120,0,0,4
2026-09-24,ST19,Noon,440,86,0,0,5
2026-09-25,ST19,Noon,440,112,0,0,2
2026-09-26,ST19,Noon,440,105,0,0,1
2026-09-27,ST19,Noon,440,106,0,0,3
2026-09-28,ST19,Noon,440,112,0,0,4
2026-09-29,ST19,Noon,440,92,0,0,4
2026-09-30,ST19,Noon,440,90,0,0,4
2026-10-01,ST19,Noon,440,113,0,0,4
2026-10-02,ST19,Noon,440,111,0,0,1
2026-10-03,ST19,Noon,440,92,0,0,0
2026-10-04,ST19,Noon,440,104,0,0,2
2026-09-21,ST20,Amazon.ae,331,27,13,6,1
2026-09-22,ST20,Amazon.ae,331,29,13,6,2
2026-09-23,ST20,Amazon.ae,331,29,13,6,2
2026-09-24,ST20,Amazon.ae,331,27,13,6,2
2026-09-25,ST20,Amazon.ae,331,30,13,6,2
2026-09-26,ST20,Amazon.ae,331,30,13,6,1
2026-09-27,ST20,Amazon.ae,331,30,13,6,2
2026-09-28,ST20,Amazon.ae,331,27,13,6,1
2026-09-29,ST20,Amazon.ae,331,29,13,6,2
2026-09-30,ST20,Amazon.ae,331,27,13,6,0
2026-10-01,ST20,Amazon.ae,331,31,13,6,1
2026-10-02,ST20,Amazon.ae,331,27,13,6,1
2026-10-03,ST20,Amazon.ae,331,24,13,6,1
2026-10-04,ST20,Amazon.ae,331,31,13,6,0
2026-09-21,ST20,Noon,330,165,37,25,5
2026-09-22,ST20,Noon,330,180,37,25,5
2026-09-23,ST20,Noon,330,173,37,25,1
2026-09-24,ST20,Noon,330,180,37,25,4
2026-09-25,ST20,Noon,330,179,37,25,4
2026-09-26,ST20,Noon,330,175,37,25,3
2026-09-27,ST20,Noon,330,163,37,25,2
2026-09-28,ST20,Noon,330,148,37,25,3
2026-09-29,ST20,Noon,330,145,37,25,3
2026-09-30,ST20,Noon,330,161,37,25,2
2026-10-01,ST20,Noon,330,154,37,25,3
2026-10-02,ST20,Noon,330,185,37,25,2
2026-10-03,ST20,Noon,330,141,37,25,2
2026-10-04,ST20,Noon,330,184,37,25,4