style_id,style_name,channel,size,units_at_window_start,units_today,unit_cost_aed
ST01,Aero Runner,Amazon.ae,40,8,6,82
ST01,Aero Runner,Amazon.ae,41,14,11,82
ST01,Aero Runner,Amazon.ae,42,9,7,82
ST01,Aero Runner,Amazon.ae,43,8,6,82
ST01,Aero Runner,Amazon.ae,44,11,9,82
ST01,Aero Runner,Amazon.ae,45,10,8,82
ST01,Aero Runner,Noon,40,28,28,82
ST01,Aero Runner,Noon,41,24,24,82
ST01,Aero Runner,Noon,42,13,13,82
ST01,Aero Runner,Noon,43,24,24,82
ST01,Aero Runner,Noon,44,23,23,82
ST01,Aero Runner,Noon,45,17,15,82
ST02,Court Classic,Amazon.ae,40,14,14,180
ST02,Court Classic,Amazon.ae,41,16,16,180
ST02,Court Classic,Amazon.ae,42,21,20,180
ST02,Court Classic,Amazon.ae,43,23,22,180
ST02,Court Classic,Amazon.ae,44,27,26,180
ST02,Court Classic,Amazon.ae,45,33,32,180
ST02,Court Classic,Noon,40,15,10,180
ST02,Court Classic,Noon,41,13,9,180
ST02,Court Classic,Noon,42,16,11,180
ST02,Court Classic,Noon,43,17,12,180
ST02,Court Classic,Noon,44,16,11,180
ST02,Court Classic,Noon,45,6,4,180
ST03,Dune Trail,Amazon.ae,40,13,7,182
ST03,Dune Trail,Amazon.ae,41,11,6,182
ST03,Dune Trail,Amazon.ae,42,20,11,182
ST03,Dune Trail,Amazon.ae,43,9,5,182
ST03,Dune Trail,Amazon.ae,44,9,5,182
ST03,Dune Trail,Amazon.ae,45,29,15,182
ST03,Dune Trail,Noon,40,18,12,182
ST03,Dune Trail,Noon,41,15,10,182
ST03,Dune Trail,Noon,42,26,17,182
ST03,Dune Trail,Noon,43,15,10,182
ST03,Dune Trail,Noon,44,24,16,182
ST03,Dune Trail,Noon,45,36,23,182
ST04,Metro Knit,Amazon.ae,40,9,6,143
ST04,Metro Knit,Amazon.ae,41,16,10,143
ST04,Metro Knit,Amazon.ae,42,16,10,143
ST04,Metro Knit,Amazon.ae,43,13,8,143
ST04,Metro Knit,Amazon.ae,44,14,9,143
ST04,Metro Knit,Amazon.ae,45,1,1,143
ST04,Metro Knit,Noon,40,18,13,143
ST04,Metro Knit,Noon,41,22,16,143
ST04,Metro Knit,Noon,42,29,21,143
ST04,Metro Knit,Noon,43,31,22,143
ST04,Metro Knit,Noon,44,25,18,143
ST04,Metro Knit,Noon,45,21,14,143
ST05,Pulse Lite,Amazon.ae,40,9,9,140
ST05,Pulse Lite,Amazon.ae,41,10,10,140
ST05,Pulse Lite,Amazon.ae,42,8,8,140
ST05,Pulse Lite,Amazon.ae,43,7,7,140
ST05,Pulse Lite,Amazon.ae,44,11,11,140
ST05,Pulse Lite,Amazon.ae,45,19,19,140
ST05,Pulse Lite,Noon,40,22,21,140
ST05,Pulse Lite,Noon,41,12,11,140
ST05,Pulse Lite,Noon,42,12,11,140
ST05,Pulse Lite,Noon,43,15,14,140
ST05,Pulse Lite,Noon,44,23,22,140
ST05,Pulse Lite,Noon,45,21,20,140
ST06,Harbor Low,Amazon.ae,40,14,12,196
ST06,Harbor Low,Amazon.ae,41,14,12,196
ST06,Harbor Low,Amazon.ae,42,20,17,196
ST06,Harbor Low,Amazon.ae,43,25,22,196
ST06,Harbor Low,Amazon.ae,44,18,16,196
ST06,Harbor Low,Amazon.ae,45,22,19,196
ST06,Harbor Low,Noon,40,30,22,196
ST06,Harbor Low,Noon,41,28,21,196
ST06,Harbor Low,Noon,42,18,13,196
ST06,Harbor Low,Noon,43,24,18,196
ST06,Harbor Low,Noon,44,23,17,196
ST06,Harbor Low,Noon,45,8,6,196
ST07,Summit Hi,Amazon.ae,40,15,10,116
ST07,Summit Hi,Amazon.ae,41,30,20,116
ST07,Summit Hi,Amazon.ae,42,28,19,116
ST07,Summit Hi,Amazon.ae,43,28,19,116
ST07,Summit Hi,Amazon.ae,44,18,12,116
ST07,Summit Hi,Amazon.ae,45,5,4,116
ST07,Summit Hi,Noon,40,14,13,116
ST07,Summit Hi,Noon,41,8,8,116
ST07,Summit Hi,Noon,42,13,12,116
ST07,Summit Hi,Noon,43,13,12,116
ST07,Summit Hi,Noon,44,8,8,116
ST07,Summit Hi,Noon,45,17,17,116
ST08,Glide 2,Amazon.ae,40,13,9,105
ST08,Glide 2,Amazon.ae,41,14,10,105
ST08,Glide 2,Amazon.ae,42,17,12,105
ST08,Glide 2,Amazon.ae,43,19,14,105
ST08,Glide 2,Amazon.ae,44,11,8,105
ST08,Glide 2,Amazon.ae,45,22,16,105
ST08,Glide 2,Noon,40,10,9,105
ST08,Glide 2,Noon,41,9,8,105
ST08,Glide 2,Noon,42,8,7,105
ST08,Glide 2,Noon,43,11,10,105
ST08,Glide 2,Noon,44,9,8,105
ST08,Glide 2,Noon,45,10,9,105
ST09,Canvas Club,Amazon.ae,40,33,23,218
ST09,Canvas Club,Amazon.ae,41,29,20,218
ST09,Canvas Club,Amazon.ae,42,29,20,218
ST09,Canvas Club,Amazon.ae,43,24,17,218
ST09,Canvas Club,Amazon.ae,44,17,12,218
ST09,Canvas Club,Amazon.ae,45,5,4,218
ST09,Canvas Club,Noon,40,21,14,218
ST09,Canvas Club,Noon,41,13,9,218
ST09,Canvas Club,Noon,42,18,12,218
ST09,Canvas Club,Noon,43,25,17,218
ST09,Canvas Club,Noon,44,21,14,218
ST09,Canvas Club,Noon,45,28,19,218
ST10,Strata Max,Amazon.ae,40,9,7,144
ST10,Strata Max,Amazon.ae,41,9,7,144
ST10,Strata Max,Amazon.ae,42,8,6,144
ST10,Strata Max,Amazon.ae,43,13,10,144
ST10,Strata Max,Amazon.ae,44,9,7,144
ST10,Strata Max,Amazon.ae,45,16,12,144
ST10,Strata Max,Noon,40,10,6,144
ST10,Strata Max,Noon,41,15,9,144
ST10,Strata Max,Noon,42,22,13,144
ST10,Strata Max,Noon,43,21,12,144
ST10,Strata Max,Noon,44,24,14,144
ST10,Strata Max,Noon,45,18,10,144
ST11,Nova Slip,Amazon.ae,40,21,17,103
ST11,Nova Slip,Amazon.ae,41,19,15,103
ST11,Nova Slip,Amazon.ae,42,13,10,103
ST11,Nova Slip,Amazon.ae,43,21,17,103
ST11,Nova Slip,Amazon.ae,44,13,10,103
ST11,Nova Slip,Amazon.ae,45,26,21,103
ST11,Nova Slip,Noon,40,14,8,103
ST11,Nova Slip,Noon,41,18,10,103
ST11,Nova Slip,Noon,42,18,10,103
ST11,Nova Slip,Noon,43,18,10,103
ST11,Nova Slip,Noon,44,14,8,103
ST11,Nova Slip,Noon,45,37,22,103
ST12,Rally Mid,Amazon.ae,40,14,10,155
ST12,Rally Mid,Amazon.ae,41,13,9,155
ST12,Rally Mid,Amazon.ae,42,7,5,155
ST12,Rally Mid,Amazon.ae,43,16,11,155
ST12,Rally Mid,Amazon.ae,44,11,8,155
ST12,Rally Mid,Amazon.ae,45,11,8,155
ST12,Rally Mid,Noon,40,23,18,155
ST12,Rally Mid,Noon,41,18,14,155
ST12,Rally Mid,Noon,42,12,9,155
ST12,Rally Mid,Noon,43,23,18,155
ST12,Rally Mid,Noon,44,24,19,155
ST12,Rally Mid,Noon,45,5,4,155
ST13,Tempo Flex,Amazon.ae,40,10,8,120
ST13,Tempo Flex,Amazon.ae,41,20,16,120
ST13,Tempo Flex,Amazon.ae,42,16,13,120
ST13,Tempo Flex,Amazon.ae,43,23,18,120
ST13,Tempo Flex,Amazon.ae,44,21,17,120
ST13,Tempo Flex,Amazon.ae,45,5,4,120
ST13,Tempo Flex,Noon,40,18,14,120
ST13,Tempo Flex,Noon,41,16,13,120
ST13,Tempo Flex,Noon,42,30,24,120
ST13,Tempo Flex,Noon,43,19,15,120
ST13,Tempo Flex,Noon,44,21,17,120
ST13,Tempo Flex,Noon,45,26,21,120
ST14,Coast Suede,Amazon.ae,40,11,8,118
ST14,Coast Suede,Amazon.ae,41,11,8,118
ST14,Coast Suede,Amazon.ae,42,7,5,118
ST14,Coast Suede,Amazon.ae,43,14,11,118
ST14,Coast Suede,Amazon.ae,44,9,7,118
ST14,Coast Suede,Amazon.ae,45,11,9,118
ST14,Coast Suede,Noon,40,19,19,118
ST14,Coast Suede,Noon,41,21,21,118
ST14,Coast Suede,Noon,42,14,14,118
ST14,Coast Suede,Noon,43,12,12,118
ST14,Coast Suede,Noon,44,17,17,118
ST14,Coast Suede,Noon,45,26,25,118
ST15,Vector Pro,Amazon.ae,40,15,12,122
ST15,Vector Pro,Amazon.ae,41,7,6,122
ST15,Vector Pro,Amazon.ae,42,7,6,122
ST15,Vector Pro,Amazon.ae,43,13,11,122
ST15,Vector Pro,Amazon.ae,44,12,10,122
ST15,Vector Pro,Amazon.ae,45,11,8,122
ST15,Vector Pro,Noon,40,14,13,122
ST15,Vector Pro,Noon,41,23,22,122
ST15,Vector Pro,Noon,42,14,13,122
ST15,Vector Pro,Noon,43,17,16,122
ST15,Vector Pro,Noon,44,22,21,122
ST15,Vector Pro,Noon,45,34,32,122
ST16,Oasis Mesh,Amazon.ae,40,15,14,93
ST16,Oasis Mesh,Amazon.ae,41,14,13,93
ST16,Oasis Mesh,Amazon.ae,42,12,11,93
ST16,Oasis Mesh,Amazon.ae,43,16,15,93
ST16,Oasis Mesh,Amazon.ae,44,18,17,93
ST16,Oasis Mesh,Amazon.ae,45,19,18,93
ST16,Oasis Mesh,Noon,40,20,20,93
ST16,Oasis Mesh,Noon,41,16,16,93
ST16,Oasis Mesh,Noon,42,14,14,93
ST16,Oasis Mesh,Noon,43,10,10,93
ST16,Oasis Mesh,Noon,44,13,13,93
ST16,Oasis Mesh,Noon,45,18,18,93
ST17,Pace Daily,Amazon.ae,40,17,12,151
ST17,Pace Daily,Amazon.ae,41,16,11,151
ST17,Pace Daily,Amazon.ae,42,10,7,151
ST17,Pace Daily,Amazon.ae,43,16,11,151
ST17,Pace Daily,Amazon.ae,44,9,6,151
ST17,Pace Daily,Amazon.ae,45,5,4,151
ST17,Pace Daily,Noon,40,19,9,151
ST17,Pace Daily,Noon,41,15,7,151
ST17,Pace Daily,Noon,42,12,6,151
ST17,Pace Daily,Noon,43,17,8,151
ST17,Pace Daily,Noon,44,15,7,151
ST17,Pace Daily,Noon,45,5,3,151
ST18,Ridge Hiker,Amazon.ae,40,14,11,169
ST18,Ridge Hiker,Amazon.ae,41,10,8,169
ST18,Ridge Hiker,Amazon.ae,42,23,18,169
ST18,Ridge Hiker,Amazon.ae,43,22,17,169
ST18,Ridge Hiker,Amazon.ae,44,13,10,169
ST18,Ridge Hiker,Amazon.ae,45,18,15,169
ST18,Ridge Hiker,Noon,40,26,19,169
ST18,Ridge Hiker,Noon,41,18,13,169
ST18,Ridge Hiker,Noon,42,23,17,169
ST18,Ridge Hiker,Noon,43,14,10,169
ST18,Ridge Hiker,Noon,44,15,11,169
ST18,Ridge Hiker,Noon,45,14,11,169
ST19,Loop Street,Amazon.ae,40,9,9,212
ST19,Loop Street,Amazon.ae,41,9,9,212
ST19,Loop Street,Amazon.ae,42,5,5,212
ST19,Loop Street,Amazon.ae,43,5,5,212
ST19,Loop Street,Amazon.ae,44,7,7,212
ST19,Loop Street,Amazon.ae,45,14,14,212
ST19,Loop Street,Noon,40,14,7,212
ST19,Loop Street,Noon,41,14,7,212
ST19,Loop Street,Noon,42,14,7,212
ST19,Loop Street,Noon,43,10,5,212
ST19,Loop Street,Noon,44,14,7,212
ST19,Loop Street,Noon,45,12,5,212
ST20,Falcon Lux,Amazon.ae,40,16,13,195
ST20,Falcon Lux,Amazon.ae,41,15,12,195
ST20,Falcon Lux,Amazon.ae,42,11,9,195
ST20,Falcon Lux,Amazon.ae,43,11,9,195
ST20,Falcon Lux,Amazon.ae,44,20,16,195
ST20,Falcon Lux,Amazon.ae,45,13,9,195
ST20,Falcon Lux,Noon,40,17,9,195
ST20,Falcon Lux,Noon,41,19,10,195
ST20,Falcon Lux,Noon,42,17,9,195
ST20,Falcon Lux,Noon,43,12,6,195
ST20,Falcon Lux,Noon,44,19,10,195
ST20,Falcon Lux,Noon,45,5,2,195